{"cameraMode":{"drawMode":0,"name":"Shaded","section":"Shading Mode"},"sceneLighting":true,"audioPlay":false,"sceneViewState":{"m_AlwaysRefresh":false,"showFog":true,"showSkybox":true,"showFlares":true,"showImageEffects":true,"showParticleSystems":true,"showVisualEffectGraphs":true,"m_FxEnabled":true},"in2DMode":false,"pivot":{"x":65.4045639038086,"y":3.023953437805176,"z":28.87369155883789},"rotation":{"x":0.020439306274056436,"y":0.8692227602005005,"z":-0.49275287985801699,"w":0.03598598763346672},"size":3.2724812030792238,"orthographic":false}