{"cameraMode":{"drawMode":0,"name":"Shaded","section":"Shading Mode"},"sceneLighting":true,"audioPlay":false,"sceneViewState":{"m_AlwaysRefresh":false,"showFog":true,"showSkybox":true,"showFlares":true,"showImageEffects":true,"showParticleSystems":true,"showVisualEffectGraphs":true,"m_FxEnabled":true},"in2DMode":false,"pivot":{"x":45.28221893310547,"y":-54.22917938232422,"z":-10.882095336914063},"rotation":{"x":-0.0005920207477174699,"y":0.9563314318656921,"z":-0.2923938035964966,"w":-0.0020192291121929886},"size":60.215721130371097,"orthographic":false}