{"cameraMode":{"drawMode":0,"name":"Shaded","section":"Shading Mode"},"sceneLighting":true,"audioPlay":false,"sceneViewState":{"m_AlwaysRefresh":false,"showFog":true,"showSkybox":true,"showFlares":true,"showImageEffects":true,"showParticleSystems":true,"showVisualEffectGraphs":true,"m_FxEnabled":true},"in2DMode":false,"pivot":{"x":16.33503532409668,"y":22.32489013671875,"z":41.05772399902344},"rotation":{"x":0.010365437716245652,"y":0.6950656175613403,"z":-0.7188509702682495,"w":0.009989944286644459},"size":-4.606813907623291,"orthographic":false}