{"cameraMode":{"drawMode":0,"name":"Shaded","section":"Shading Mode"},"sceneLighting":true,"audioPlay":false,"sceneViewState":{"m_AlwaysRefresh":false,"showFog":true,"showSkybox":true,"showFlares":true,"showImageEffects":true,"showParticleSystems":true,"showVisualEffectGraphs":true,"m_FxEnabled":true},"in2DMode":false,"pivot":{"x":51.13089370727539,"y":-11.520332336425782,"z":72.50666046142578},"rotation":{"x":0.010365437716245652,"y":0.6950656175613403,"z":-0.7188509702682495,"w":0.009989944286644459},"size":62.15546798706055,"orthographic":false}