{"cameraMode":{"drawMode":0,"name":"Shaded","section":"Shading Mode"},"sceneLighting":true,"audioPlay":false,"sceneViewState":{"showFog":true,"showMaterialUpdate":false,"showSkybox":true,"showFlares":true,"showImageEffects":true,"showParticleSystems":true,"showVisualEffectGraphs":true,"m_FxEnabled":true},"in2DMode":false,"pivot":{"x":49.55044174194336,"y":0.14746856689453126,"z":53.39511489868164},"rotation":{"x":0.013729218393564225,"y":0.6885128021240234,"z":-0.7250187397003174,"w":0.012979426421225071},"size":10.948822021484375,"orthographic":false}