{"cameraMode":{"drawMode":0,"name":"Shaded","section":"Shading Mode"},"sceneLighting":true,"audioPlay":false,"sceneViewState":{"showFog":true,"showMaterialUpdate":false,"showSkybox":true,"showFlares":true,"showImageEffects":true,"showParticleSystems":true,"showVisualEffectGraphs":true,"m_FxEnabled":true},"in2DMode":false,"pivot":{"x":84.07205200195313,"y":-0.08306023478507996,"z":33.759239196777347},"rotation":{"x":0.5073834657669067,"y":-0.014695955440402031,"z":0.008740668185055256,"w":0.8615789413452148},"size":15.267250061035157,"orthographic":false}