{"cameraMode":{"drawMode":0,"name":"Shaded","section":"Shading Mode"},"sceneLighting":false,"audioPlay":false,"sceneViewState":{"m_AlwaysRefresh":false,"showFog":true,"showSkybox":false,"showFlares":true,"showImageEffects":true,"showParticleSystems":true,"showVisualEffectGraphs":true,"m_FxEnabled":true},"in2DMode":false,"pivot":{"x":1.8576126098632813,"y":11.348553657531739,"z":19.200000762939454},"rotation":{"x":-0.02850944548845291,"y":0.7189111709594727,"z":-0.6939331889152527,"w":-0.029597949236631395},"size":0.8660253882408142,"orthographic":false}