{"cameraMode":{"drawMode":0,"name":"Shaded","section":"Shading Mode"},"sceneLighting":true,"audioPlay":false,"sceneViewState":{"m_AlwaysRefresh":false,"showFog":true,"showSkybox":true,"showFlares":true,"showImageEffects":true,"showParticleSystems":true,"showVisualEffectGraphs":true,"m_FxEnabled":true},"in2DMode":false,"pivot":{"x":49.86354446411133,"y":3.9683167934417726,"z":27.345346450805665},"rotation":{"x":0.6961225271224976,"y":0.02863108552992344,"z":-0.027776960283517839,"w":0.7168643474578857},"size":49.3132438659668,"orthographic":false}