{"cameraMode":{"drawMode":0,"name":"Shaded","section":"Shading Mode"},"sceneLighting":true,"audioPlay":false,"sceneViewState":{"m_AlwaysRefresh":false,"showFog":true,"showSkybox":true,"showFlares":true,"showImageEffects":true,"showParticleSystems":true,"showVisualEffectGraphs":true,"m_FxEnabled":true},"in2DMode":false,"pivot":{"x":50.27522277832031,"y":3.9683337211608888,"z":27.312414169311525},"rotation":{"x":0.6961225271224976,"y":0.02863108552992344,"z":-0.027776960283517839,"w":0.7168643474578857},"size":1.6656579971313477,"orthographic":false}