{"cameraMode":{"drawMode":0,"name":"Shaded","section":"Shading Mode"},"sceneLighting":false,"audioPlay":false,"sceneViewState":{"showFog":true,"showMaterialUpdate":false,"showSkybox":false,"showFlares":true,"showImageEffects":true,"showParticleSystems":true,"showVisualEffectGraphs":true,"m_FxEnabled":true},"in2DMode":false,"pivot":{"x":71.72742462158203,"y":12.621100425720215,"z":30.26816749572754},"rotation":{"x":0.022289514541625978,"y":0.6527676582336426,"z":-0.7570273876190186,"w":0.019158510491251947},"size":0.9801837801933289,"orthographic":false}