{"cameraMode":{"drawMode":0,"name":"Shaded","section":"Shading Mode"},"sceneLighting":false,"audioPlay":false,"sceneViewState":{"showFog":true,"showMaterialUpdate":false,"showSkybox":false,"showFlares":true,"showImageEffects":true,"showParticleSystems":true,"showVisualEffectGraphs":true,"m_FxEnabled":true},"in2DMode":false,"pivot":{"x":-0.6682243347167969,"y":0.21355247497558595,"z":-0.016786575317382814},"rotation":{"x":-0.03171383962035179,"y":0.6933792233467102,"z":-0.7192661762237549,"w":-0.03063362091779709},"size":11.849773406982422,"orthographic":false}